Category,Code,Name,Width,Thickness,Diameter,Height,Length,Weight_per_meter,Standard_lengths,Grade,Standard
SHS,SHS020020015,Square Hollow Section 20x20x1.5mm,20,1.5,,20,,0.89,6.1,C350LO,AS/NZS 1163
SHS,SHS020020020,Square Hollow Section 20x20x2mm,20,2,,20,,1.15,6.1,C350LO,AS/NZS 1163
SHS,SHS025025015,Square Hollow Section 25x25x1.5mm,25,1.5,,25,,1.12,6.1,C350LO,AS/NZS 1163
SHS,SHS025025020,Square Hollow Section 25x25x2mm,25,2,,25,,1.45,6.1,C350LO,AS/NZS 1163
SHS,SHS025025025,Square Hollow Section 25x25x2.5mm,25,2.5,,25,,1.77,6.1,C350LO,AS/NZS 1163
SHS,SHS030030015,Square Hollow Section 30x30x1.5mm,30,1.5,,30,,1.35,6.1,C350LO,AS/NZS 1163
SHS,SHS030030020,Square Hollow Section 30x30x2mm,30,2,,30,,1.75,6.1,C350LO,AS/NZS 1163
SHS,SHS030030025,Square Hollow Section 30x30x2.5mm,30,2.5,,30,,2.14,6.1,C350LO,AS/NZS 1163
SHS,SHS030030030,Square Hollow Section 30x30x3mm,30,3,,30,,2.52,6.1,C350LO,AS/NZS 1163
SHS,SHS035035020,Square Hollow Section 35x35x2mm,35,2,,35,,2.05,6.1,C350LO,AS/NZS 1163
SHS,SHS035035025,Square Hollow Section 35x35x2.5mm,35,2.5,,35,,2.51,6.1,C350LO,AS/NZS 1163
SHS,SHS035035030,Square Hollow Section 35x35x3mm,35,3,,35,,2.96,6.1,C350LO,AS/NZS 1163
SHS,SHS035035035,Square Hollow Section 35x35x3.5mm,35,3.5,,35,,3.40,6.1,C350LO,AS/NZS 1163
SHS,SHS040040020,Square Hollow Section 40x40x2mm,40,2,,40,,2.35,6.1,C350LO,AS/NZS 1163
SHS,SHS040040025,Square Hollow Section 40x40x2.5mm,40,2.5,,40,,2.88,6.1,C350LO,AS/NZS 1163
SHS,SHS040040030,Square Hollow Section 40x40x3mm,40,3,,40,,3.40,6.1,C350LO,AS/NZS 1163
SHS,SHS040040035,Square Hollow Section 40x40x3.5mm,40,3.5,,40,,3.91,6.1,C350LO,AS/NZS 1163
SHS,SHS040040040,Square Hollow Section 40x40x4mm,40,4,,40,,4.42,6.1,C350LO,AS/NZS 1163
SHS,SHS050050020,Square Hollow Section 50x50x2mm,50,2,,50,,2.95,6.1,C350LO,AS/NZS 1163
SHS,SHS050050025,Square Hollow Section 50x50x2.5mm,50,2.5,,50,,3.63,6.1,C350LO,AS/NZS 1163
SHS,SHS050050030,Square Hollow Section 50x50x3mm,50,3,,50,,4.30,6.1,C350LO,AS/NZS 1163
SHS,SHS050050035,Square Hollow Section 50x50x3.5mm,50,3.5,,50,,4.96,6.1,C350LO,AS/NZS 1163
SHS,SHS050050040,Square Hollow Section 50x50x4mm,50,4,,50,,5.62,6.1,C350LO,AS/NZS 1163
SHS,SHS050050050,Square Hollow Section 50x50x5mm,50,5,,50,,6.92,8.0;12.0,C350LO,AS/NZS 1163
SHS,SHS065065025,Square Hollow Section 65x65x2.5mm,65,2.5,,65,,4.76,6.1,C350LO,AS/NZS 1163
SHS,SHS065065030,Square Hollow Section 65x65x3mm,65,3,,65,,5.66,6.1,C350LO,AS/NZS 1163
SHS,SHS065065035,Square Hollow Section 65x65x3.5mm,65,3.5,,65,,6.55,6.1,C350LO,AS/NZS 1163
SHS,SHS065065040,Square Hollow Section 65x65x4mm,65,4,,65,,7.43,6.1,C350LO,AS/NZS 1163
SHS,SHS065065050,Square Hollow Section 65x65x5mm,65,5,,65,,9.17,6.1,C350LO,AS/NZS 1163
SHS,SHS065065060,Square Hollow Section 65x65x6mm,65,6,,65,,10.88,8.0;12.0,C350LO,AS/NZS 1163
SHS,SHS075075025,Square Hollow Section 75x75x2.5mm,75,2.5,,75,,5.51,6.1,C350LO,AS/NZS 1163
SHS,SHS075075030,Square Hollow Section 75x75x3mm,75,3,,75,,6.55,6.1,C350LO,AS/NZS 1163
SHS,SHS075075035,Square Hollow Section 75x75x3.5mm,75,3.5,,75,,7.58,6.1,C350LO,AS/NZS 1163
SHS,SHS075075040,Square Hollow Section 75x75x4mm,75,4,,75,,8.61,6.1,C350LO,AS/NZS 1163
SHS,SHS075075050,Square Hollow Section 75x75x5mm,75,5,,75,,10.64,6.1,C350LO,AS/NZS 1163
SHS,SHS075075060,Square Hollow Section 75x75x6mm,75,6,,75,,12.64,6.1,C350LO,AS/NZS 1163
SHS,SHS089089030,Square Hollow Section 89x89x3mm,89,3,,89,,7.88,6.1,C350LO,AS/NZS 1163
SHS,SHS089089040,Square Hollow Section 89x89x4mm,89,4,,89,,10.40,6.1,C350LO,AS/NZS 1163
SHS,SHS089089050,Square Hollow Section 89x89x5mm,89,5,,89,,12.87,6.1,C350LO,AS/NZS 1163
SHS,SHS089089060,Square Hollow Section 89x89x6mm,89,6,,89,,15.30,6.1,C350LO,AS/NZS 1163
SHS,SHS100100030,Square Hollow Section 100x100x3mm,100,3,,100,,8.84,6.1,C350LO,AS/NZS 1163
SHS,SHS100100040,Square Hollow Section 100x100x4mm,100,4,,100,,11.69,6.1,C350LO,AS/NZS 1163
SHS,SHS100100050,Square Hollow Section 100x100x5mm,100,5,,100,,14.49,6.1,C350LO,AS/NZS 1163
SHS,SHS100100060,Square Hollow Section 100x100x6mm,100,6,,100,,17.25,6.1,C350LO,AS/NZS 1163
SHS,SHS100100080,Square Hollow Section 100x100x8mm,100,8,,100,,22.59,8.0;12.0,C350LO,AS/NZS 1163
SHS,SHS100100090,Square Hollow Section 100x100x9mm,100,9,,100,,25.12,8.0;12.0,C350LO,AS/NZS 1163
SHS,SHS125125040,Square Hollow Section 125x125x4mm,125,4,,125,,14.97,6.1,C350LO,AS/NZS 1163
SHS,SHS125125050,Square Hollow Section 125x125x5mm,125,5,,125,,18.56,6.1,C350LO,AS/NZS 1163
SHS,SHS125125060,Square Hollow Section 125x125x6mm,125,6,,125,,22.11,6.1,C350LO,AS/NZS 1163
SHS,SHS125125080,Square Hollow Section 125x125x8mm,125,8,,125,,29.01,8.0;12.0,C350LO,AS/NZS 1163
SHS,SHS125125090,Square Hollow Section 125x125x9mm,125,9,,125,,32.30,8.0;12.0,C350LO,AS/NZS 1163
SHS,SHS150150050,Square Hollow Section 150x150x5mm,150,5,,150,,22.63,6.1,C350LO,AS/NZS 1163
SHS,SHS150150060,Square Hollow Section 150x150x6mm,150,6,,150,,26.96,6.1,C350LO,AS/NZS 1163
SHS,SHS150150080,Square Hollow Section 150x150x8mm,150,8,,150,,35.43,8.0;12.0,C350LO,AS/NZS 1163
SHS,SHS150150090,Square Hollow Section 150x150x9mm,150,9,,150,,39.48,8.0;12.0,C350LO,AS/NZS 1163
SHS,SHS150150100,Square Hollow Section 150x150x10mm,150,10,,150,,43.50,8.0;12.0,C350LO,AS/NZS 1163
SHS,SHS150150120,Square Hollow Section 150x150x12mm,150,12,,150,,51.40,8.0;12.0,C350LO,AS/NZS 1163
SHS,SHS200200060,Square Hollow Section 200x200x6mm,200,6,,200,,36.67,8.0;12.0,C350LO,AS/NZS 1163
SHS,SHS200200080,Square Hollow Section 200x200x8mm,200,8,,200,,48.27,8.0;12.0,C350LO,AS/NZS 1163
SHS,SHS200200090,Square Hollow Section 200x200x9mm,200,9,,200,,53.85,8.0;12.0,C350LO,AS/NZS 1163
SHS,SHS200200100,Square Hollow Section 200x200x10mm,200,10,,200,,59.40,8.0;12.0,C350LO,AS/NZS 1163
SHS,SHS200200120,Square Hollow Section 200x200x12mm,200,12,,200,,70.30,8.0;12.0,C350LO,AS/NZS 1163
SHS,SHS250250060,Square Hollow Section 250x250x6mm,250,6,,250,,46.37,8.0;12.0,C350LO,AS/NZS 1163
SHS,SHS250250080,Square Hollow Section 250x250x8mm,250,8,,250,,61.11,8.0;12.0,C350LO,AS/NZS 1163
SHS,SHS250250090,Square Hollow Section 250x250x9mm,250,9,,250,,68.22,8.0;12.0,C350LO,AS/NZS 1163
SHS,SHS250250100,Square Hollow Section 250x250x10mm,250,10,,250,,75.30,8.0;12.0,C350LO,AS/NZS 1163
SHS,SHS250250120,Square Hollow Section 250x250x12mm,250,12,,250,,89.20,8.0;12.0,C350LO,AS/NZS 1163
SHS,SHS250250160,Square Hollow Section 250x250x16mm,250,16,,250,,116.20,8.0;12.0,C350LO,AS/NZS 1163
SHS,SHS300300090,Square Hollow Section 300x300x9mm,300,9,,300,,82.60,8.0;12.0,C350LO,AS/NZS 1163
SHS,SHS300300100,Square Hollow Section 300x300x10mm,300,10,,300,,91.20,8.0;12.0,C350LO,AS/NZS 1163
SHS,SHS300300120,Square Hollow Section 300x300x12mm,300,12,,300,,108.10,8.0;12.0,C350LO,AS/NZS 1163
SHS,SHS300300125,Square Hollow Section 300x300x12.5mm,300,12.5,,300,,112.30,8.0;12.0,C350LO,AS/NZS 1163
RHS,RHS050025015,Rectangular Hollow Section 50x25x1.5mm,50,1.5,,25,,1.35,6.1,C350LO,AS/NZS 1163
RHS,RHS050025020,Rectangular Hollow Section 50x25x2mm,50,2,,25,,1.75,6.1,C350LO,AS/NZS 1163
RHS,RHS050025025,Rectangular Hollow Section 50x25x2.5mm,50,2.5,,25,,2.14,6.1,C350LO,AS/NZS 1163
RHS,RHS050025030,Rectangular Hollow Section 50x25x3mm,50,3,,25,,2.52,6.1,C350LO,AS/NZS 1163
RHS,RHS065035015,Rectangular Hollow Section 65x35x1.5mm,65,1.5,,35,,1.73,6.1,C350LO,AS/NZS 1163
RHS,RHS065035020,Rectangular Hollow Section 65x35x2mm,65,2,,35,,2.25,6.1,C350LO,AS/NZS 1163
RHS,RHS065035025,Rectangular Hollow Section 65x35x2.5mm,65,2.5,,35,,2.76,6.1,C350LO,AS/NZS 1163
RHS,RHS065035030,Rectangular Hollow Section 65x35x3mm,65,3,,35,,3.26,6.1,C350LO,AS/NZS 1163
RHS,RHS065035035,Rectangular Hollow Section 65x35x3.5mm,65,3.5,,35,,3.76,6.1,C350LO,AS/NZS 1163
RHS,RHS075050025,Rectangular Hollow Section 75x50x2.5mm,75,2.5,,50,,3.63,6.1,C350LO,AS/NZS 1163
RHS,RHS075050030,Rectangular Hollow Section 75x50x3mm,75,3,,50,,4.30,6.1,C350LO,AS/NZS 1163
RHS,RHS075050035,Rectangular Hollow Section 75x50x3.5mm,75,3.5,,50,,4.96,6.1,C350LO,AS/NZS 1163
RHS,RHS075050040,Rectangular Hollow Section 75x50x4mm,75,4,,50,,5.62,6.1,C350LO,AS/NZS 1163
RHS,RHS075050050,Rectangular Hollow Section 75x50x5mm,75,5,,50,,6.92,6.1,C350LO,AS/NZS 1163
RHS,RHS100050025,Rectangular Hollow Section 100x50x2.5mm,100,2.5,,50,,4.39,6.1,C350LO,AS/NZS 1163
RHS,RHS100050030,Rectangular Hollow Section 100x50x3mm,100,3,,50,,5.21,6.1,C350LO,AS/NZS 1163
RHS,RHS100050035,Rectangular Hollow Section 100x50x3.5mm,100,3.5,,50,,6.02,6.1,C350LO,AS/NZS 1163
RHS,RHS100050040,Rectangular Hollow Section 100x50x4mm,100,4,,50,,6.82,6.1,C350LO,AS/NZS 1163
RHS,RHS100050050,Rectangular Hollow Section 100x50x5mm,100,5,,50,,8.41,6.1,C350LO,AS/NZS 1163
RHS,RHS100050060,Rectangular Hollow Section 100x50x6mm,100,6,,50,,9.98,6.1,C350LO,AS/NZS 1163
RHS,RHS125075030,Rectangular Hollow Section 125x75x3mm,125,3,,75,,7.05,6.1,C350LO,AS/NZS 1163
RHS,RHS125075040,Rectangular Hollow Section 125x75x4mm,125,4,,75,,9.22,6.1,C350LO,AS/NZS 1163
RHS,RHS125075050,Rectangular Hollow Section 125x75x5mm,125,5,,75,,11.36,6.1,C350LO,AS/NZS 1163
RHS,RHS125075060,Rectangular Hollow Section 125x75x6mm,125,6,,75,,13.48,6.1,C350LO,AS/NZS 1163
RHS,RHS150100030,Rectangular Hollow Section 150x100x3mm,150,3,,100,,8.84,6.1,C350LO,AS/NZS 1163
RHS,RHS150100040,Rectangular Hollow Section 150x100x4mm,150,4,,100,,11.69,6.1,C350LO,AS/NZS 1163
RHS,RHS150100050,Rectangular Hollow Section 150x100x5mm,150,5,,100,,14.49,6.1,C350LO,AS/NZS 1163
RHS,RHS150100060,Rectangular Hollow Section 150x100x6mm,150,6,,100,,17.25,6.1,C350LO,AS/NZS 1163
RHS,RHS150100080,Rectangular Hollow Section 150x100x8mm,150,8,,100,,22.59,8.0;12.0,C350LO,AS/NZS 1163
RHS,RHS150100090,Rectangular Hollow Section 150x100x9mm,150,9,,100,,25.12,8.0;12.0,C350LO,AS/NZS 1163
RHS,RHS200100040,Rectangular Hollow Section 200x100x4mm,200,4,,100,,14.97,6.1,C350LO,AS/NZS 1163
RHS,RHS200100050,Rectangular Hollow Section 200x100x5mm,200,5,,100,,18.56,6.1,C350LO,AS/NZS 1163
RHS,RHS200100060,Rectangular Hollow Section 200x100x6mm,200,6,,100,,22.11,6.1,C350LO,AS/NZS 1163
RHS,RHS200100080,Rectangular Hollow Section 200x100x8mm,200,8,,100,,29.01,8.0;12.0,C350LO,AS/NZS 1163
RHS,RHS200100090,Rectangular Hollow Section 200x100x9mm,200,9,,100,,32.30,8.0;12.0,C350LO,AS/NZS 1163
RHS,RHS250150060,Rectangular Hollow Section 250x150x6mm,250,6,,150,,35.60,8.0;12.0,C350LO,AS/NZS 1163
RHS,RHS250150090,Rectangular Hollow Section 250x150x9mm,250,9,,150,,51.80,8.0;12.0,C350LO,AS/NZS 1163
Cattle Rail RHS,RHS05903016,Cattle Rail Hollow Section 59x30x1.6mm,59,1.6,,30,,2.60,6.1,C350LO,AS/NZS 1163
Cattle Rail RHS,RHS09704220,Cattle Rail Hollow Section 97x42x2mm,97,2,,42,,3.65,6.1,C350LO,AS/NZS 1163
Cattle Rail RHS,RHS11504220,Cattle Rail Hollow Section 115x42x2mm,115,2,,42,,4.29,6.1,C350LO,AS/NZS 1163
Flats,SF01603,Mild Steel Flat 16x3mm,16,3,,,,,0.38,6.0,300,AS/NZS 3679.1-300
Flats,SF02003,Mild Steel Flat 20x3mm,20,3,,,,,0.47,6.0,300,AS/NZS 3679.1-300
Flats,SF02005,Mild Steel Flat 20x5mm,20,5,,,,,0.79,6.0,300,AS/NZS 3679.1-300
Flats,SF02006,Mild Steel Flat 20x6mm,20,6,,,,,0.94,6.0,300,AS/NZS 3679.1-300
Flats,SF02010,Mild Steel Flat 20x10mm,20,10,,,,,1.57,6.0,300,AS/NZS 3679.1-300
Flats,SF02503,Mild Steel Flat 25x3mm,25,3,,,,,0.59,6.0,300,AS/NZS 3679.1-300
Flats,SF02505,Mild Steel Flat 25x5mm,25,5,,,,,0.98,6.0,300,AS/NZS 3679.1-300
Flats,SF02506,Mild Steel Flat 25x6mm,25,6,,,,,1.18,6.0,300,AS/NZS 3679.1-300
Flats,SF02508,Mild Steel Flat 25x8mm,25,8,,,,,1.57,6.0,300,AS/NZS 3679.1-300
Flats,SF02510,Mild Steel Flat 25x10mm,25,10,,,,,1.96,6.0,300,AS/NZS 3679.1-300
Flats,SF02512,Mild Steel Flat 25x12mm,25,12,,,,,2.36,6.0,300,AS/NZS 3679.1-300
Flats,SF03003,Mild Steel Flat 30x3mm,30,3,,,,,0.71,6.0,300,AS/NZS 3679.1-300
Flats,SF03005,Mild Steel Flat 30x5mm,30,5,,,,,1.18,6.0,300,AS/NZS 3679.1-300
Flats,SF03010,Mild Steel Flat 30x10mm,30,10,,,,,2.36,6.0,300,AS/NZS 3679.1-300
Flats,SF03203,Mild Steel Flat 32x3mm,32,3,,,,,0.75,6.0,300,AS/NZS 3679.1-300
Flats,SF03205,Mild Steel Flat 32x5mm,32,5,,,,,1.26,6.0,300,AS/NZS 3679.1-300
Flats,SF03206,Mild Steel Flat 32x6mm,32,6,,,,,1.51,6.0,300,AS/NZS 3679.1-300
Flats,SF03208,Mild Steel Flat 32x8mm,32,8,,,,,2.01,6.0,300,AS/NZS 3679.1-300
Flats,SF04003,Mild Steel Flat 40x3mm,40,3,,,,,0.94,6.0,300,AS/NZS 3679.1-300
Flats,SF04005,Mild Steel Flat 40x5mm,40,5,,,,,1.57,6.0,300,AS/NZS 3679.1-300
Flats,SF04006,Mild Steel Flat 40x6mm,40,6,,,,,1.88,6.0,300,AS/NZS 3679.1-300
Flats,SF04008,Mild Steel Flat 40x8mm,40,8,,,,,2.51,6.0,300,AS/NZS 3679.1-300
Flats,SF04010,Mild Steel Flat 40x10mm,40,10,,,,,3.14,6.0,300,AS/NZS 3679.1-300
Flats,SF04012,Mild Steel Flat 40x12mm,40,12,,,,,3.77,6.0,300,AS/NZS 3679.1-300
Flats,SF04016,Mild Steel Flat 40x16mm,40,16,,,,,5.02,6.0,300,AS/NZS 3679.1-300
Flats,SF05003,Mild Steel Flat 50x3mm,50,3,,,,,1.18,6.0,300,AS/NZS 3679.1-300
Flats,SF05005,Mild Steel Flat 50x5mm,50,5,,,,,1.96,6.0,300,AS/NZS 3679.1-300
Flats,SF05006,Mild Steel Flat 50x6mm,50,6,,,,,2.36,6.0,300,AS/NZS 3679.1-300
Flats,SF05008,Mild Steel Flat 50x8mm,50,8,,,,,3.14,6.0,300,AS/NZS 3679.1-300
Flats,SF05010,Mild Steel Flat 50x10mm,50,10,,,,,3.93,6.0,300,AS/NZS 3679.1-300
Flats,SF05012,Mild Steel Flat 50x12mm,50,12,,,,,4.71,6.0,300,AS/NZS 3679.1-300
Flats,SF05016,Mild Steel Flat 50x16mm,50,16,,,,,6.28,6.0,300,AS/NZS 3679.1-300
Flats,SF05020,Mild Steel Flat 50x20mm,50,20,,,,,7.85,6.0,300,AS/NZS 3679.1-300
Flats,SF05025,Mild Steel Flat 50x25mm,50,25,,,,,9.81,6.0,300,AS/NZS 3679.1-300
Flats,SF06006,Mild Steel Flat 60x6mm,60,6,,,,,2.83,6.0,300,AS/NZS 3679.1-300
Flats,SF06010,Mild Steel Flat 60x10mm,60,10,,,,,4.71,6.0,300,AS/NZS 3679.1-300
Flats,SF06012,Mild Steel Flat 60x12mm,60,12,,,,,5.65,6.0,300,AS/NZS 3679.1-300
Flats,SF06503,Mild Steel Flat 65x3mm,65,3,,,,,1.53,6.0,300,AS/NZS 3679.1-300
Flats,SF06505,Mild Steel Flat 65x5mm,65,5,,,,,2.55,6.0,300,AS/NZS 3679.1-300
Flats,SF06506,Mild Steel Flat 65x6mm,65,6,,,,,2.06,6.0,300,AS/NZS 3679.1-300
Flats,SF06508,Mild Steel Flat 65x8mm,65,8,,,,,4.01,6.0,300,AS/NZS 3679.1-300
Flats,SF06510,Mild Steel Flat 65x10mm,65,10,,,,,5.10,6.0,300,AS/NZS 3679.1-300
Flats,SF06516,Mild Steel Flat 65x16mm,65,16,,,,,8.16,6.0,300,AS/NZS 3679.1-300
Flats,SF07503,Mild Steel Flat 75x3mm,75,3,,,,,1.77,6.0,300,AS/NZS 3679.1-300
Flats,SF07505,Mild Steel Flat 75x5mm,75,5,,,,,2.94,6.0,300,AS/NZS 3679.1-300
Flats,SF07506,Mild Steel Flat 75x6mm,75,6,,,,,3.53,6.0,300,AS/NZS 3679.1-300
Flats,SF07508,Mild Steel Flat 75x8mm,75,8,,,,,4.71,6.0,300,AS/NZS 3679.1-300
Flats,SF07510,Mild Steel Flat 75x10mm,75,10,,,,,5.89,6.0,300,AS/NZS 3679.1-300
Flats,SF07512,Mild Steel Flat 75x12mm,75,12,,,,,7.07,6.0,300,AS/NZS 3679.1-300
Flats,SF07516,Mild Steel Flat 75x16mm,75,16,,,,,9.42,6.0,300,AS/NZS 3679.1-300
Flats,SF07520,Mild Steel Flat 75x20mm,75,20,,,,,11.78,6.0,300,AS/NZS 3679.1-300
Flats,SF07525,Mild Steel Flat 75x25mm,75,25,,,,,14.72,6.0,300,AS/NZS 3679.1-300
Flats,SF08006,Mild Steel Flat 80x6mm,80,6,,,,,3.77,6.0,300,AS/NZS 3679.1-300
Flats,SF08010,Mild Steel Flat 80x10mm,80,10,,,,,6.28,6.0,300,AS/NZS 3679.1-300
Flats,SF08012,Mild Steel Flat 80x12mm,80,12,,,,,7.54,6.0,300,AS/NZS 3679.1-300
Flats,SF09006,Mild Steel Flat 90x6mm,90,6,,,,,4.24,6.0,300,AS/NZS 3679.1-300
Flats,SF09010,Mild Steel Flat 90x10mm,90,10,,,,,7.07,6.0,300,AS/NZS 3679.1-300
Flats,SF09012,Mild Steel Flat 90x12mm,90,12,,,,,8.48,6.0,300,AS/NZS 3679.1-300
Flats,SF10003,Mild Steel Flat 100x3mm,100,3,,,,,2.36,6.0,300,AS/NZS 3679.1-300
Flats,SF10005,Mild Steel Flat 100x5mm,100,5,,,,,3.93,6.0,300,AS/NZS 3679.1-300
Flats,SF10006,Mild Steel Flat 100x6mm,100,6,,,,,4.71,6.0,300,AS/NZS 3679.1-300
Flats,SF10008,Mild Steel Flat 100x8mm,100,8,,,,,6.28,6.0,300,AS/NZS 3679.1-300
Flats,SF10010,Mild Steel Flat 100x10mm,100,10,,,,,7.85,6.0,300,AS/NZS 3679.1-300
Flats,SF10012,Mild Steel Flat 100x12mm,100,12,,,,,9.42,6.0,300,AS/NZS 3679.1-300
Flats,SF10016,Mild Steel Flat 100x16mm,100,16,,,,,12.56,6.0,300,AS/NZS 3679.1-300
Flats,SF10020,Mild Steel Flat 100x20mm,100,20,,,,,15.70,6.0,300,AS/NZS 3679.1-300
Flats,SF10025,Mild Steel Flat 100x25mm,100,25,,,,,19.63,6.0,300,AS/NZS 3679.1-300
Flats,SF13006,Mild Steel Flat 130x6mm,130,6,,,,,6.12,6.0,300,AS/NZS 3679.1-300
Flats,SF13008,Mild Steel Flat 130x8mm,130,8,,,,,8.16,6.0,300,AS/NZS 3679.1-300
Flats,SF13010,Mild Steel Flat 130x10mm,130,10,,,,,10.21,6.0,300,AS/NZS 3679.1-300
Flats,SF13012,Mild Steel Flat 130x12mm,130,12,,,,,12.25,6.0,300,AS/NZS 3679.1-300
Flats,SF13016,Mild Steel Flat 130x16mm,130,16,,,,,16.33,6.0,300,AS/NZS 3679.1-300
Flats,SF13020,Mild Steel Flat 130x20mm,130,20,,,,,20.41,6.0,300,AS/NZS 3679.1-300
Flats,SF15006,Mild Steel Flat 150x6mm,150,6,,,,,7.07,6.0,300,AS/NZS 3679.1-300
Flats,SF15008,Mild Steel Flat 150x8mm,150,8,,,,,9.42,6.0,300,AS/NZS 3679.1-300
Flats,SF15010,Mild Steel Flat 150x10mm,150,10,,,,,11.78,6.0,300,AS/NZS 3679.1-300
Flats,SF15012,Mild Steel Flat 150x12mm,150,12,,,,,14.13,6.0,300,AS/NZS 3679.1-300
Flats,SF15016,Mild Steel Flat 150x16mm,150,16,,,,,18.84,6.0,300,AS/NZS 3679.1-300
Flats,SF15020,Mild Steel Flat 150x20mm,150,20,,,,,23.55,6.0,300,AS/NZS 3679.1-300
Flats,SF15025,Mild Steel Flat 150x25mm,150,25,,,,,29.44,6.0,300,AS/NZS 3679.1-300
Flats,SF18006,Mild Steel Flat 180x6mm,180,6,,,,,8.48,6.0,300,AS/NZS 3679.1-300
Flats,SF18010,Mild Steel Flat 180x10mm,180,10,,,,,14.13,6.0,300,AS/NZS 3679.1-300
Flats,SF18012,Mild Steel Flat 180x12mm,180,12,,,,,16.96,6.0,300,AS/NZS 3679.1-300
Flats,SF20006,Mild Steel Flat 200x6mm,200,6,,,,,9.42,6.0,300,AS/NZS 3679.1-300
Flats,SF20008,Mild Steel Flat 200x8mm,200,8,,,,,12.56,6.0,300,AS/NZS 3679.1-300
Flats,SF20010,Mild Steel Flat 200x10mm,200,10,,,,,15.70,6.0,300,AS/NZS 3679.1-300
Flats,SF20012,Mild Steel Flat 200x12mm,200,12,,,,,18.84,6.0,300,AS/NZS 3679.1-300
Flats,SF20016,Mild Steel Flat 200x16mm,200,16,,,,,25.12,6.0,300,AS/NZS 3679.1-300
Flats,SF20020,Mild Steel Flat 200x20mm,200,20,,,,,31.40,6.0,300,AS/NZS 3679.1-300
Flats,SF20025,Mild Steel Flat 200x25mm,200,25,,,,,39.25,6.0,300,AS/NZS 3679.1-300
Flats,SF23010,Mild Steel Flat 230x10mm,230,10,,,,,18.06,6.0,300,AS/NZS 3679.1-300
Flats,SF25006,Mild Steel Flat 250x6mm,250,6,,,,,11.78,6.0,300,AS/NZS 3679.1-300
Flats,SF25010,Mild Steel Flat 250x10mm,250,10,,,,,19.63,6.0,300,AS/NZS 3679.1-300
Flats,SF25012,Mild Steel Flat 250x12mm,250,12,,,,,23.55,6.0,300,AS/NZS 3679.1-300
Flats,SF25016,Mild Steel Flat 250x16mm,250,16,,,,,31.40,6.0,300,AS/NZS 3679.1-300
Flats,SF25020,Mild Steel Flat 250x20mm,250,20,,,,,39.25,6.0,300,AS/NZS 3679.1-300
Flats,SF25025,Mild Steel Flat 250x25mm,250,25,,,,,49.06,6.0,300,AS/NZS 3679.1-300
Flats,SF30006,Mild Steel Flat 300x6mm,300,6,,,,,14.13,6.0,300,AS/NZS 3679.1-300
Flats,SF30010,Mild Steel Flat 300x10mm,300,10,,,,,23.55,6.0,300,AS/NZS 3679.1-300
Flats,SF30012,Mild Steel Flat 300x12mm,300,12,,,,,28.26,6.0,300,AS/NZS 3679.1-300
Flats,SF30016,Mild Steel Flat 300x16mm,300,16,,,,,37.68,6.0,300,AS/NZS 3679.1-300
Flats,SF30020,Mild Steel Flat 300x20mm,300,20,,,,,47.10,6.0,300,AS/NZS 3679.1-300
Flats,SF30025,Mild Steel Flat 300x25mm,300,25,,,,,58.88,6.0,300,AS/NZS 3679.1-300
Equal Angles,SA02003,Mild Steel Equal Angle 20x20x3mm,20,3,,,,,0.86,6.0,300,AS/NZS 3679.1-300
Equal Angles,SA02503,Mild Steel Equal Angle 25x25x3mm,25,3,,,,,1.12,6.0,300,AS/NZS 3679.1-300
Equal Angles,SA02505,Mild Steel Equal Angle 25x25x5mm,25,5,,,,,1.65,6.0,300,AS/NZS 3679.1-300
Equal Angles,SA03003,Mild Steel Equal Angle 30x30x3mm,30,3,,,,,1.35,6.0,300,AS/NZS 3679.1-300
Equal Angles,SA03005,Mild Steel Equal Angle 30x30x5mm,30,5,,,,,2.01,6.0,300,AS/NZS 3679.1-300
Equal Angles,SA04003,Mild Steel Equal Angle 40x40x3mm,40,3,,,,,1.83,6.0,300,AS/NZS 3679.1-300
Equal Angles,SA04005,Mild Steel Equal Angle 40x40x5mm,40,5,,,,,2.73,6.0,300,AS/NZS 3679.1-300
Equal Angles,SA05003,Mild Steel Equal Angle 50x50x3mm,50,3,,,,,2.31,6.0,300,AS/NZS 3679.1-300
Equal Angles,SA05005,Mild Steel Equal Angle 50x50x5mm,50,5,,,,,3.48,6.0;9.0,300,AS/NZS 3679.1-300
Equal Angles,SA05006,Mild Steel Equal Angle 50x50x6mm,50,6,,,,,4.46,6.0;9.0,300,AS/NZS 3679.1-300
Equal Angles,SA05008,Mild Steel Equal Angle 50x50x8mm,50,8,,,,,5.68,6.0;9.0,300,AS/NZS 3679.1-300
Equal Angles,SA06006,Mild Steel Equal Angle 60x60x6mm,60,6,,,,,5.42,6.0;9.0,300,AS/NZS 3679.1-300
Equal Angles,SA06505,Mild Steel Equal Angle 65x65x5mm,65,5,,,,,4.56,6.0;9.0,300,AS/NZS 3679.1-300
Equal Angles,SA06506,Mild Steel Equal Angle 65x65x6mm,65,6,,,,,5.87,6.0;9.0,300,AS/NZS 3679.1-300
Equal Angles,SA06508,Mild Steel Equal Angle 65x65x8mm,65,8,,,,,7.51,6.0;9.0,300,AS/NZS 3679.1-300
Equal Angles,SA06510,Mild Steel Equal Angle 65x65x10mm,65,10,,,,,9.02,9.0,300,AS/NZS 3679.1-300
Equal Angles,SA07505,Mild Steel Equal Angle 75x75x5mm,75,5,,,,,5.27,6.0;9.0;12.0,300,AS/NZS 3679.1-300
Equal Angles,SA07506,Mild Steel Equal Angle 75x75x6mm,75,6,,,,,6.81,6.0;9.0;12.0,300,AS/NZS 3679.1-300
Equal Angles,SA07508,Mild Steel Equal Angle 75x75x8mm,75,8,,,,,8.73,6.0;9.0;12.0,300,AS/NZS 3679.1-300
Equal Angles,SA07510,Mild Steel Equal Angle 75x75x10mm,75,10,,,,,10.50,6.0;9.0;12.0,300,AS/NZS 3679.1-300
Equal Angles,SA08006,Mild Steel Equal Angle 80x80x6mm,80,6,,,,,7.34,6.0;9.0,300,AS/NZS 3679.1-300
Equal Angles,SA09006,Mild Steel Equal Angle 90x90x6mm,90,6,,,,,8.22,6.0;9.0;12.0,300,AS/NZS 3679.1-300
Equal Angles,SA09008,Mild Steel Equal Angle 90x90x8mm,90,8,,,,,10.60,6.0;9.0;12.0,300,AS/NZS 3679.1-300
Equal Angles,SA09010,Mild Steel Equal Angle 90x90x10mm,90,10,,,,,12.70,6.0;9.0;12.0,300,AS/NZS 3679.1-300
Equal Angles,SA10006,Mild Steel Equal Angle 100x100x6mm,100,6,,,,,9.16,6.0;9.0;12.0,300,AS/NZS 3679.1-300
Equal Angles,SA10008,Mild Steel Equal Angle 100x100x8mm,100,8,,,,,11.80,6.0;9.0;12.0,300,AS/NZS 3679.1-300
Equal Angles,SA10010,Mild Steel Equal Angle 100x100x10mm,100,10,,,,,14.20,6.0;9.0;12.0,300,AS/NZS 3679.1-300
Equal Angles,SA10012,Mild Steel Equal Angle 100x100x12mm,100,12,,,,,17.70,6.0;9.0;12.0,300,AS/NZS 3679.1-300
Equal Angles,SA12508,Mild Steel Equal Angle 125x125x8mm,125,8,,,,,14.90,9.0,300,AS/NZS 3679.1-300
Equal Angles,SA12510,Mild Steel Equal Angle 125x125x10mm,125,10,,,,,18.00,6.0;9.0;12.0,300,AS/NZS 3679.1-300
Equal Angles,SA15010,Mild Steel Equal Angle 150x150x10mm,150,10,,,,,21.90,6.0;9.0;12.0,300,AS/NZS 3679.1-300
Equal Angles,SA15012,Mild Steel Equal Angle 150x150x12mm,150,12,,,,,27.30,6.0;9.0;12.0,300,AS/NZS 3679.1-300
Equal Angles,SA15016,Mild Steel Equal Angle 150x150x16mm,150,16,,,,,35.40,12.0,300,AS/NZS 3679.1-300
Equal Angles,SA20013,Mild Steel Equal Angle 200x200x13mm,200,13,,,,,40.00,9.0;12.0,300,AS/NZS 3679.1-300
Equal Angles,SA20016,Mild Steel Equal Angle 200x200x16mm,200,16,,,,,48.70,9.0;12.0,300,AS/NZS 3679.1-300
Unequal Angles,SUA07505005,Mild Steel Unequal Angle 75x50x5mm,75,5,,,,,4.40,6.0;9.0,300,AS/NZS 3679.1-300
Unequal Angles,SUA07505006,Mild Steel Unequal Angle 75x50x6mm,75,6,,,,,5.66,6.0;9.0,300,AS/NZS 3679.1-300
Unequal Angles,SUA10007506,Mild Steel Unequal Angle 100x75x6mm,100,6,,,,,7.98,6.0;9.0;12.0,300,AS/NZS 3679.1-300
Unequal Angles,SUA10007508,Mild Steel Unequal Angle 100x75x8mm,100,8,,,,,10.30,6.0;9.0;12.0,300,AS/NZS 3679.1-300
Unequal Angles,SUA10007510,Mild Steel Unequal Angle 100x75x10mm,100,10,,,,,12.40,6.0;9.0;12.0,300,AS/NZS 3679.1-300
Unequal Angles,SUA12507506,Mild Steel Unequal Angle 125x75x6mm,125,6,,,,,9.16,6.0;9.0;12.0,300,AS/NZS 3679.1-300
Unequal Angles,SUA12507508,Mild Steel Unequal Angle 125x75x8mm,125,8,,,,,11.80,6.0;9.0;12.0,300,AS/NZS 3679.1-300
Unequal Angles,SUA12507510,Mild Steel Unequal Angle 125x75x10mm,125,10,,,,,14.20,6.0;9.0;12.0,300,AS/NZS 3679.1-300
Unequal Angles,SUA15009008,Mild Steel Unequal Angle 150x90x8mm,150,8,,,,,14.30,6.0;9.0;12.0,300,AS/NZS 3679.1-300
Unequal Angles,SUA15009010,Mild Steel Unequal Angle 150x90x10mm,150,10,,,,,17.30,6.0;9.0;12.0,300,AS/NZS 3679.1-300
Unequal Angles,SUA15009012,Mild Steel Unequal Angle 150x90x12mm,150,12,,,,,21.60,9.0,300,AS/NZS 3679.1-300
Unequal Angles,SUA15010010,Mild Steel Unequal Angle 150x100x10mm,150,10,,,,,18.00,6.0;9.0;12.0,300,AS/NZS 3679.1-300
Unequal Angles,SUA15010012,Mild Steel Unequal Angle 150x100x12mm,150,12,,,,,22.50,6.0;12.0,300,AS/NZS 3679.1-300
Rounds,SR06,Mild Steel Round 6mm,,,6,,,0.22,6.0,300,AS/NZS 3679.1-300
Rounds,SR08,Mild Steel Round 8mm,,,8,,,0.40,6.0,300,AS/NZS 3679.1-300
Rounds,SR10,Mild Steel Round 10mm,,,10,,,0.62,6.0,300,AS/NZS 3679.1-300
Rounds,SR12,Mild Steel Round 12mm,,,12,,,0.89,6.0,300,AS/NZS 3679.1-300
Rounds,SR16,Mild Steel Round 16mm,,,16,,,1.58,6.0;9.0,300,AS/NZS 3679.1-300
Rounds,SR20,Mild Steel Round 20mm,,,20,,,2.47,6.0;9.0,300,AS/NZS 3679.1-300
Rounds,SR24,Mild Steel Round 24mm,,,24,,,3.55,6.0,300,AS/NZS 3679.1-300
Rounds,SR28,Mild Steel Round 28mm,,,28,,,4.83,6.0,300,AS/NZS 3679.1-300
Rounds,SR32,Mild Steel Round 32mm,,,32,,,6.31,6.0,300,AS/NZS 3679.1-300
Rounds,SR40,Mild Steel Round 40mm,,,40,,,9.86,6.0,300,AS/NZS 3679.1-300
Rounds,SR50,Mild Steel Round 50mm,,,50,,,15.41,6.0,300,AS/NZS 3679.1-300
Squares,SQ06,Mild Steel Square 6mm,6,,,,,,0.28,6.0,300,AS/NZS 3679.1-300
Squares,SQ08,Mild Steel Square 8mm,8,,,,,,0.50,6.0,300,AS/NZS 3679.1-300
Squares,SQ10,Mild Steel Square 10mm,10,,,,,,0.79,6.0,300,AS/NZS 3679.1-300
Squares,SQ12,Mild Steel Square 12mm,12,,,,,,1.13,6.0,300,AS/NZS 3679.1-300
Squares,SQ16,Mild Steel Square 16mm,16,,,,,,2.01,6.0,300,AS/NZS 3679.1-300
Squares,SQ19,Mild Steel Square 19mm,19,,,,,,2.98,6.0,300,AS/NZS 3679.1-300
Squares,SQ20,Mild Steel Square 20mm,20,,,,,,3.14,6.0,300,AS/NZS 3679.1-300
Squares,SQ25,Mild Steel Square 25mm,25,,,,,,4.91,6.0,300,AS/NZS 3679.1-300
Squares,SQ32,Mild Steel Square 32mm,32,,,,,,8.04,6.0,300,AS/NZS 3679.1-300
Squares,SQ38,Mild Steel Square 38mm,38,,,,,,11.34,6.0,300,AS/NZS 3679.1-300
Squares,SQ40,Mild Steel Square 40mm,40,,,,,,12.56,6.0,300,AS/NZS 3679.1-300
Squares,SQ50,Mild Steel Square 50mm,50,,,,,,19.63,6.0,300,AS/NZS 3679.1-300
Squares,SQ75,Mild Steel Square 75mm,75,,,,,,44.18,6.0,300,AS/NZS 3679.1-300
Plates,PL03,Mild Steel Plate 3mm,,,3,,,23.55,3.0x1.5;6.0x2.0,300,AS/NZS 3679.1-300
Plates,PL04,Mild Steel Plate 4mm,,,4,,,31.40,3.0x1.5;6.0x2.0,300,AS/NZS 3679.1-300
Plates,PL05,Mild Steel Plate 5mm,,,5,,,39.25,3.0x1.5;6.0x2.0,300,AS/NZS 3679.1-300
Plates,PL06,Mild Steel Plate 6mm,,,6,,,47.10,3.0x1.5;6.0x2.0,300,AS/NZS 3679.1-300
Plates,PL08,Mild Steel Plate 8mm,,,8,,,62.80,3.0x1.5;6.0x2.0,300,AS/NZS 3679.1-300
Plates,PL10,Mild Steel Plate 10mm,,,10,,,78.50,3.0x1.5;6.0x2.0,300,AS/NZS 3679.1-300
Plates,PL12,Mild Steel Plate 12mm,,,12,,,94.20,3.0x1.5;6.0x2.0,300,AS/NZS 3679.1-300
Plates,PL16,Mild Steel Plate 16mm,,,16,,,125.60,3.0x1.5;6.0x2.0,300,AS/NZS 3679.1-300
Plates,PL20,Mild Steel Plate 20mm,,,20,,,157.00,3.0x1.5;6.0x2.0,300,AS/NZS 3679.1-300
Plates,PL25,Mild Steel Plate 25mm,,,25,,,196.25,3.0x1.5;6.0x2.0,300,AS/NZS 3679.1-300
Plates,PL32,Mild Steel Plate 32mm,,,32,,,251.20,3.0x1.5;6.0x2.0,300,AS/NZS 3679.1-300
Plates,PL40,Mild Steel Plate 40mm,,,40,,,314.00,3.0x1.5;6.0x2.0,300,AS/NZS 3679.1-300
Plates,PL50,Mild Steel Plate 50mm,,,50,,,392.50,3.0x1.5;6.0x2.0,300,AS/NZS 3679.1-300
Sheets,SH060,Cold Rolled Sheet 0.6mm,,,0.6,,,4.71,1.2x2.4,300,AS 1397
Sheets,SH080,Cold Rolled Sheet 0.8mm,,,0.8,,,6.28,1.2x2.4,300,AS 1397
Sheets,SH090,Cold Rolled Sheet 0.9mm,,,0.9,,,7.07,1.2x2.4,300,AS 1397
Sheets,SH100,Cold Rolled Sheet 1.0mm,,,1.0,,,7.85,1.2x2.4,300,AS 1397
Sheets,SH120,Cold Rolled Sheet 1.2mm,,,1.2,,,9.42,1.2x2.4,300,AS 1397
Sheets,SH150,Cold Rolled Sheet 1.5mm,,,1.5,,,11.78,1.2x2.4,300,AS 1397
Sheets,SH200,Cold Rolled Sheet 2.0mm,,,2.0,,,15.70,1.2x2.4,300,AS 1397
Sheets,SH250,Cold Rolled Sheet 2.5mm,,,2.5,,,19.63,1.2x2.4,300,AS 1397
Sheets,SH300,Cold Rolled Sheet 3.0mm,,,3.0,,,23.55,1.2x2.4,300,AS 1397